{
  "title": "UNIT-1",
  "outline": [
    {
      "level": "H1",
      "text": "UNIT-1",
      "page": 1
    },
    {
      "level": "H1",
      "text": "Operating Systems Overview:",
      "page": 1
    },
    {
      "level": "H1",
      "text": "System Structures:",
      "page": 1
    },
    {
      "level": "H1",
      "text": "Differences between system software and application software",
      "page": 2
    },
    {
      "level": "H1",
      "text": "What is an Operating System?",
      "page": 2
    },
    {
      "level": "H3",
      "text": "Abstract view of the components of a computer system",
      "page": 2
    },
    {
      "level": "H1",
      "text": "1.1",
      "page": 3
    },
    {
      "level": "H1",
      "text": "Operating system functions",
      "page": 3
    },
    {
      "level": "H2",
      "text": "The main functions of an operating system are:",
      "page": 3
    },
    {
      "level": "H1",
      "text": "What Operating Systems Do",
      "page": 3
    },
    {
      "level": "H1",
      "text": "1.2",
      "page": 4
    },
    {
      "level": "H1",
      "text": "Operating system structure",
      "page": 4
    },
    {
      "level": "H1",
      "text": "1.3",
      "page": 5
    },
    {
      "level": "H1",
      "text": "Operating systems operations",
      "page": 5
    },
    {
      "level": "H1",
      "text": "1.4",
      "page": 6
    },
    {
      "level": "H1",
      "text": "Computing environments",
      "page": 6
    },
    {
      "level": "H1",
      "text": "1.5 Open-Source Operating Systems.",
      "page": 8
    },
    {
      "level": "H1",
      "text": "1.6 Operating System Services",
      "page": 8
    },
    {
      "level": "H1",
      "text": "1.7 User and Operating-System Interface",
      "page": 9
    },
    {
      "level": "H1",
      "text": "1.8 Systems calls",
      "page": 11
    },
    {
      "level": "H1",
      "text": "1.9 Types of System Calls",
      "page": 13
    },
    {
      "level": "H1",
      "text": "1.10 System programs",
      "page": 15
    },
    {
      "level": "H1",
      "text": "1.11 Operating system Design and Implementation",
      "page": 16
    },
    {
      "level": "H2",
      "text": "Design Goals",
      "page": 16
    },
    {
      "level": "H2",
      "text": "Mechanisms and Policies",
      "page": 16
    },
    {
      "level": "H1",
      "text": "1.12 Operating system structure",
      "page": 16
    },
    {
      "level": "H1",
      "text": "1.13 Operating system debugging",
      "page": 19
    },
    {
      "level": "H1",
      "text": "1.14 System Boot",
      "page": 20
    }
  ]
}